{"cameraMode":{"drawMode":0,"name":"Shaded","section":"Shading Mode"},"sceneLighting":true,"audioPlay":false,"sceneViewState":{"showFog":true,"showMaterialUpdate":false,"showSkybox":true,"showFlares":true,"showImageEffects":true,"showParticleSystems":true,"showVisualEffectGraphs":true,"m_FxEnabled":true},"in2DMode":false,"pivot":{"x":-13.272025108337403,"y":2.4624855518341066,"z":2.564403533935547},"rotation":{"x":0.14635257422924043,"y":-0.6271852850914002,"z":0.12152904272079468,"w":0.7552890181541443},"size":5.0322675704956059,"orthographic":false}