{"cameraMode":{"drawMode":0,"name":"Shaded","section":"Shading Mode"},"sceneLighting":true,"audioPlay":false,"sceneViewState":{"showFog":true,"showMaterialUpdate":false,"showSkybox":true,"showFlares":true,"showImageEffects":true,"showParticleSystems":true,"showVisualEffectGraphs":true,"m_FxEnabled":true},"in2DMode":false,"pivot":{"x":-8.545000076293946,"y":3.8832457065582277,"z":0.2874946892261505},"rotation":{"x":0.23820319771766663,"y":-0.5428841710090637,"z":0.16401433944702149,"w":0.7884464859962463},"size":1.0791785717010499,"orthographic":false}