{"cameraMode":{"drawMode":0,"name":"Shaded","section":"Shading Mode"},"sceneLighting":true,"audioPlay":false,"sceneViewState":{"showFog":true,"showMaterialUpdate":false,"showSkybox":true,"showFlares":true,"showImageEffects":true,"showParticleSystems":true,"showVisualEffectGraphs":true,"m_FxEnabled":true},"in2DMode":false,"pivot":{"x":-11.328607559204102,"y":5.382289886474609,"z":3.2777812480926515},"rotation":{"x":0.16190290451049806,"y":-0.057692643254995349,"z":0.009480246342718602,"w":0.9850846529006958},"size":4.200892448425293,"orthographic":false}