{"cameraMode":{"drawMode":0,"name":"Shaded","section":"Shading Mode"},"sceneLighting":false,"audioPlay":false,"sceneViewState":{"showFog":true,"showMaterialUpdate":false,"showSkybox":false,"showFlares":true,"showImageEffects":true,"showParticleSystems":true,"showVisualEffectGraphs":true,"m_FxEnabled":true},"in2DMode":false,"pivot":{"x":5.313457012176514,"y":1.5717380046844483,"z":0.23749446868896485},"rotation":{"x":0.14635257422924043,"y":-0.6271852850914002,"z":0.12152904272079468,"w":0.7552890181541443},"size":2.9025790691375734,"orthographic":false}